BIB_REF|REFERENCE|DATE|VERIFIED|CISP_NOTES
Alcock/1987|Alcock, L. (1987). _Arthur's Britain. History and Archaeology AD 367--634_.  Harmondsworth.|1987|t|
Allan/1930|Allan, D. A. (1930). _Handbook and Guide to the Replicas and Casts of the Manx Crosses on exhibition in the Public Museums, Liverpool_. Liverpool.|1930|t|
Allen/1887|Allen, J. R. (1887). `The Early Christian Monuments of the Isle of Man.' _Journal of the British Archaeological Association_  ??:240--???|1887|f|volume/pages
Allen/1888|Allen, J. R.(1888). `Early Inscribed stones visited during the Llanwrst meeting.' _Archaeologia Cambrensis_ ??:176--178.|1888|t|Figures for Denbighshire stones, vol
Allen/Anderson/1903/III| Allen, J.R. and J. Anderson (1903) _The Early Christian Monuments of Scotland_, part III. Edinburgh: Society of Antiquaries of Scotland.|1903|t|KF
Allen/Westwood/1884|Allen, J. R. and J. O. Westwood (1884) `Discovery of Two Ogham Stones at Castell Villia, and Four Crosses at St Edren's, Pembrokeshire', _Archaeologia Cambrensis_ 0 series, 39, 46--52.|1884|f|series?
Anderson/1795|Anderson,  J. (1795). `Parish of Stronsay', _in_ Sinclair, J. (ed.) _Statistical Account of Scotland, 15_|1795|f|check!
Anderson/1845|Anderson, J. (1845). `Parish of Stoneykirk', _in_  _The New Statistical Account of Scotland, 4 (Wigton)_, pp. 162--7.|1845|f|n check
Anderson/1881|Anderson, J. (1881). _Scotland in Early Christian Times_ (second series) Edinburgh: David Douglas|1881|t|SDsecond series?? or edition?  or what?
ANDRS|Kermode, F. M.C.(1909--1910), 'Discvery of bilingual inscription at Knock-y-doonee, Andreas',||f|
Anon/1848|Anonymous (1848). Report.... blah..., _Archaeologia Cambrensis_ 3: ???--??|1848|f|complete
Anon/1854|Anon (1854). `Annual meeting---Report.' _Archaeologia Cambrensis_ 5: 239--240.|1854|t|
Anon/1859|Anonymous (1859). `Llannor Inscribed Stones---Caernarvonshire', _Archaeologia Cambrensis_ ??: 234|1859|f|get vol number
Anon/1875|Anon (1875). `Carmarthen Meeting---Report.'  _Archaeologia Cambrensis_ 30:387--430.|1875|t|LBOID/2
Anon/1876|Anonymous (1876). `Llannor Inscribed Stones', _Archaeologia Cambrensis_ 31: 313.|1876|t|pcopied
Anon/1877|Anonymous (1877).  `Carnarvon Meeting---Report', _Archaeologia Cambrensis_ 32: ??--??.|1877|f|get page refs
Anon/1878|Anon (1878). `Lampeter meeting---Annual Report.' _Archaeologia Cambrensis_ 33:319--54.|1878|t|Llanfihangel-ar-arth
Anon/1893|Anon (1893). `Meeting at Llandeilo-Fawr. Report of Proceedings' _Archaeologia Cambrensis_ 48: 129--178.|1893|t|Cynwyl Gaeo
Anon/1894|Anon (1894). `Oswestry meeting report.' _Archaeologia Cambrensis_ /49, inc....|1894|f|LHAIR stone
Anon/1898|Anon. (1898) `Haverfordwest Meeting---Annual Report.' _Archaeologia Cambrensis_ 53: 265--286.|1898|t|Votipor
Anon/1901|Anon. (1901) `Excursions. Wednesday, August 15th. - Excursion No.2. Llantrisant',_Archaeologia Cambrensis_ 56: 60--65.||f|
Anon/1903|Anonymous (1903). `Archaeological Notes and Queries', _Archaeologia Cambrensis 58: ??--???|1903|f|pcopied rel part, get pages
Anon/1904|Anonymous (1904). `Report of the Portmadoc Meeting', _Archaeologia Cambrensis_ 59: ???--???.|1904|f|pc part, get pages
Anon/1908|Anon (1908). `Sixty-first annual meeting: Anglesey.' _Archaeologia Cambrensis_ 8:65--109.|1908|t|
Anon/1912|Anon (1912)  `Report of the 65th Annual Meeting at Abergele.'  _Archaeologia Cambrensis_ 67: 109--143.|1912|f|Brohomagli stone illus
Anon/1919|Anon (1919). `A Previously unknown Romano-British Inscription.' _Carmarthenshire Antiquarian Society Transactions_ 13: vi.|1920|t|LSADY
Anon/1919a|Anon (1919).  `Inscribed Stones in the Society's Museum.'  _Carmarthenshire Antiquarian Society Transactions_ 13: nos. I--VI.|1919|f|
Anon/1919b|Anon (1919). `No III --- Llanfihangel Crosefeini, Newchurch.' _Carmarthenshire Antiquarian Society Transactions_ 13: 9.|1919|t|NEWCH/2
Anon/1919c|Anon (1919). `Inscribed Stones in the Society's Museum. No. 1 --- Llanwinio Ogam Stone.'  _Carmarthenshire Antiquarian Society Transactions_ 13: 2b.|1919|t|LWNIO, page 2b???
Anon/1922|Anon (1922). `Roman inscription, ``Talori'' Stone; flue tile; crushing stone.' _Carmarthenshire Antiquarian Society Transactions_ 15: 16b.|1922|f|Cynwyl Gaeo
Anon/1923|Anon (1923). `Report of the 77th annual meeting held at Oswestry, August 20th to 25th, 1923.'  _Archaeologia Cambrensis_ 79, 339--4??|1923|f|LHAIR stone and site, pages
Anon/1923b|Anon (1923). `Inscribed Stone.' _Carmarthenshire Antiquarian Society Transactions_ 16: iv.|1923|t|LSADY illustration.
Anon/1925|Anon (1925). `The Meeting at Llandeilo Fawr --- Annual Report.' _Archaeologia Cambrensis_ 80: inc|1925|t|LANEY/1 and ???
Anon/1926|Anon (1926) `Pwllheli---Report', _Archaeologia Cambrensis_ 81, 435--445.|1926|f|
Anon/1930|Anon (1930). `Report of the Annual meeting at Menai Bridge, Anglesey.' _Archaeologia Cambrensis_ 85: 438--484.|1930|t|
Anstis/nd|Anstis, J. (nd) BL MS Stowe 1023: 39/25.|0|t|Porthgwarra stone
Bagnall/etal/1987|Bagnall, R.S., Cameron, A., Swartz, S.R., Worp, K.A. (1987). _Consuls of the Later Roman Empire_. Atlanta.|1987|t|PMCH2/1
Baldwin/1985|Baldwin, J. R. (1985) _Exploring Scotland's Heritage: Lothian and the Borders._ RCAHMS, Edinburgh: HMSO.|1985|t|n
Barber/1981|Barber, J. (1981). `Excavations on Iona, 1979.' _Proceedings of the Society of Antiquaries of Scotland_ 111: 282--380.|1981|f|n
Bernier/1982|Bernier, G. (1982). _Les Chretientes Bretonnes Continentales_. Rennes.|1982|t|Many Breton stones.
Birley/1931|Birley, E. (1931). `An introduction to the excavation of Chesterholm-Vindolanda.' _Archaeologia Aeliana_ 4th series, 8: 182--212.|1931|t|
Bowman/1994|Bowman, A. (1994). _Life and Letters on the Roman Frontier._ London.|1994|t|Roman Vindolanda/Chesterholm.
Brash/1871|Brash, W. (1871). `On an inscribed stone at Penrhos Llugwy, Anglesey.' _Archaeologia Cambrensis_ 26: 266--270.|1871|t|
Brash/1873|Brash, R. R. (1873). `Inscribed stone of Wales.' _Archaeologia Cambrensis_ ??:285--287.|1873|t|British or Irish names.
Brash/1879|Brash, R. R. (1879) _The Ogam inscribed monuments of the Gaedhil in the British Isles._ London.||f|publ
Breese/1877|Breese, E. (1877). `Rees' lives of the Welsh Saints', Archaeologia Cambrensis 32: 72.|1877|t|pc'd
Breese/1925|Breese, E. (1925). `Meini Hirion on Tir Gwyn Farm in the Parish of Llanor', _Archaeologia Cambrensis_ 80: 385--387.|1925|t|copied
Brown/1921|Brown, G. B. (1921). _The Arts in Early England, 5, the Ruthwell and Bewcastle Crosses, the Gospels of Lindisfarne, and other Christian monuments in Northumbria._ London.|1921|f|n
Browne/1890|Browne, G. F. (1890). 'Ogams and Runes in Man.' _The Academy_, Oct. 18, no. 963, p. 343.|1890|t|KMICH and Arbory Oghams
Bruce/1889|Bruce, Dr. (1889). `A Christian inscription from Chesterholm.' _Archaeologia Aeliana_ 2nd series, 13: 367--371.|1889|t|
Bruce/1968|Bruce, J. R. (1968) _The Manx Archaeological Survey. Sixth Report 1966. Keeills and Burial Grounds in the Sheading of Rushen._ Glasgow:|1968|t|pub?
Buckley/1986|"Buckley, V.M. (1986) _Archaeological Inventory of County Louth_.  Dublin: Stationery Office. 

"||f|
Butler/1979|Butler, L. A. S. (1979). `The 'Monastic City in Wales: myth or reality?'  _Bulletin of the Board of Celtic Studies_ 28: 458--467.|1979|t|Llandeilo Fawr site.
Byrne/1973|Byrne, F. J. (1973) _Irish Kings and High-Kings_. London.|1973|t|Identification of Man Ogham.
Calder/Jackson/1957|Calder, W. and K. H. Jackson (1957). `An inscription from Altyre.' _Proceedings of the Society of Antiquaries of Scotland_ 90: 246--50.|1957|t|photo
Camden/Gibson/1695|Camden, William (1594) _Britannia ..._, ed. E. Gibson (1695), 1 vol., London.|1695|f|
Camden/Gough/1806|Camden, W. (1594) _Britannia..._, ed. R. Gough (1806), 4 vols., London.|1806|f|publ
Campbell/Sandeman/1962|Campbell, M. and M. L. S. Sandeman (1962). `Mid Argyll: A survey of the historic and prehistoric monuments.' _Proceedings of the Society of Antiquaries of Scotland_ (1961--2, published 1964) 95: 1--125.|1964|f|n
Campbell/Thomson/1963|Campbell, J. L. and D. Thomson (1963). _Edward Lhuyd in the Scottish Highlands 1699--1700_.|1963|f|publisher, address????
Chalmers/1848|Chalmers, P. (1848). _The Ancient Sculptured Monuments of the County of Angus._ Edinburgh.|1848|t|SVIGN
Chanter/1913|Chanter, J.F. (1913). 'A Romano-British Inscribed Stone between Parracombe and Lynton.' _Transactions of the Devonshire Association_ 45: 270--275.|1913|t|LYNTN
Clancy/1993|Clancy, T. O. (1993). `The Drosten Stone: a new reading'/ _Proceedings of the Society of Antiquaries of Scotland_ 123: 345--353.|1993|t|SVIGN
Close-Brooks/Stevenson/1982|Close-Brooks, J. and R. B. K. Stevenson (1982). _Dark Age Sculpture_, (National Museum of Antiquities, Edinburgh). Edinburgh: HMSO.|1982|t|KF
Collier/1889|Collier, C. (1889). 'Further Discovery of Inscribed Stones at Egremont and Llandilo, in South Wales.' _Archaeologia Cambrensis_ 44: 176--177.|1889|t|EGRMT
Collingwood/1921|Collingwood, W. G. (1921) _Northumbrian Crosses of the pre-Norman Age_, London.|1921|f|
Collingwood/1922-23|Collingwood, W. G. (1923). `The Early Crosses of Galloway.'  _Transactions of the Dumfrieshire and Gallowayshire Natural History and Antiquarian Society_ 10: 205--231.|1923|t|Whithorn and Kirkmadrine
Collingwood/1927|Collingwood, W. G. (1927) _Northumbrian Crosses of the pre-Norman Age_. London.|1927|t|Reading of MAUGH 4, cf colingwood 1921
Collingwood/1938|Collingwood, R. J. (1938). `The early crosses of Galloway.' _Transactions of the Dumfriesshire and Galloway Natural History and Archaeological Society_, 3rd series 22: 275--89.|1938|f|n check with previous entry
Collingwood/Wright/1965|Collingwood, R. G. and R. P. Wright (1965). _The Roman Inscriptions of Britain. I Inscriptions on stone_. Oxford: Clarendon.|1965|t|IoA/KL
Cordiner/1780|Cordiner, C. (1780). _Antiquities and Scenery of the North of Scotland_. Edinburgh.|1780|f|n
Cowan/1967|Cowan, I. B. (1967). _The Parishes of Medieval Scotland._ Scottish Records Society vol. 93. Edinburgh.|1967|f|n
Cowan/Easson/1976|Cowan, I. B. and D. E. Easson (1976). _Medieval Religious Houses of Scotland_.|1976|f|n, publisher etc
Cowie/1977-78|Cowie, T. G. (1977-78). `Excavations at the Catstane, Midlothian 1977.'  _Proceedings of the Society of Antiquaries of Scotland_ 109: 166--201.|1978|t|Kirkliston
Cowie/1978|Cowie, T. (1978). `Excavations at the Catstane, Midlothian 1977.' _Proceedings of the Society of Antiquaries of Scotland_ 109: 166--201.|1978|f|n
Craig/1991|Craig, D. (1991). `Pre-Norman sculpture in Galloway: some territorial implications', _in_  Oram, R. D. and G. P. Stell (eds.) _Galloway Land and Lordship_, pp. 45--62.  Edinburgh: Scottish Society for Northern Studies.|1991|t|KF
Craig/1992|Craig, D. (1992). _The Distribution of Pre-Norman Sculpture in South-West Scotland: Provenance, ornament and regional groups_. Unpublished PhD thesis, 4 vols, Durham University.|1992|f|n
Craig/1997|Craig, D. (1997). `Appendix 1.  The provenance of the Early Christian inscriptions of Galloway', _in_ Hill, P. (ed.) _Whithorn and St Ninian. The excavation of a monastic town 1984-1991_, pp. 614--20.  Whithorn.|1997|t|proof
Crow/1995|Crow, J. (1995). _Housesteads._ London.|1995|t|Map with Chesterholm.
Cruden/1957|Cruden, S. (1957). _The Early Christian and Pictish Monuments of Scotland._ Edinburgh.|1957|t|
Cruickshank/1899|Cruickshank, F (1899). _Navar and Lethnot_.|1899|f|n INCOMPLETE
Cubbon/1964|Cubbon, A. M. (1964). 'The re-positioning of the Kirk Michael cross-slabs.'  _Journal of the Manx Museum_ vi, 80: 214--216.|1964|t|Movement of KMICH to inside church.
Cubbon/1966|Cubbon, A. M. (1966). 'Cross-slabs and related inscriptions found since 1939.' _Journal of the Manx Museum_ 7:26--28.|1966|f|Branhui description and find.
Cubbon/1971|Cubbon, A. M. (1971). _The Art of the Manx Crosses._ Douglas.|1971|f|Photos and brief notes on early stones
Cubbon/1982|Cubbon, A. M. (1982). 'The Early Church in the Isle of Man', /in/ Pearce, S. (ed.), _The Early Church in Western Britain and Ireland. Studies Presented to C. A. Ralegh Radford_. Oxford: British Archaeological Reports.|1982|t|Discusses a number of stones.
Cumming/1857|Cumming, J. G. (1857). _The Runic and Other Monumental Remains of the Isle of Man_. London.|1857|t|Drawings of Santon stone and crux guriat
Cuppage/etal/1986|Cuppage, J. et al. (1986) _Archaeological Survey of the Dingle Peninsula._ Ballyferrier: Oidrheacht Chorca Dhuibhne.|1986|t|
Curle/1940|Curle, C. (1940). `The Chronology of the Early Christian Monuments of Scotland.' _Proceedings of the Society of Antiquaries of Scotland_ 74 (1939--40): 60--116.|1940|f|KF
Daire/etal/1996|Daire, M.-Y., A. Villard, S. Hinguant and E. Le Goff (1996). `Les steles de l'age du fer a decors geometriques et curvilignes etat de la question dans l'Ouest Armoricain' _Revue Archéologique de l' Ouest_ 13: 123--156.|1996|t|pc
Dark/1992a|Dark, K. R. (1992). `Epigraphic, Art-Historical and Historical Approaches to the Chronology of Class I Inscribed Stones', _in_ Edwards, N. and A. Lane (eds.) _The Early Church in Wales and the West._ Oxbow: Oxford.|1992|t|Chronology of N-W is wrong
Dark/1992b|Dark, K. R. (1992). `A Sub-Roman Re-defence of Hadrian's Wall.' _Britannia_23: 111--120.|1992|t|Chesterholm and Castlesteads.
Dark/1992c|Dark, K. R. (1992) _The Inscribed Stones of Dyfed_. Gomer, Llandysul:|1992|t|pub?
Dark/1994|Dark, K. R. (1994). _Civitas to Kingdom. British Political Continuity 300--800._ Leicester University Press: Leicester.|1992|t|
Dark/1996|Dark, P. (1996). `Palaeoecological evidence for landscape continuity and change in Britian ca 400--800.'  _in_ Dark, K. R. _External Contacts and the Economy of Late Roman and Post-Roman Britain,_ pp.  23-51.  Woodbridge.|1996|t|No re-defence of Hadrian's wall.
Dark/Dark/1996|Dark, K. R. and S. P. Dark (1996). `New Archaeological and Palynological Evidence for a Sub-Roman Reoccupation of Hadrian's Wall.'  _Archaeologia Aeliana_ 5th series, 24: 57--72.|1996|t|Proposes four new north British stones.
Davidson/1795|Davidson, I. (1795). `Parish of Whithorn', _in_ Sinclair, J. (ed.) _The Statistical Account of Scotland 16_, pp. 275--98.  Edinburgh.|1795|f|n
Davies/1982|Davies, W. (1982).  _Wales in the Early Middle Ages._ Leicester University Press: Leicester.|1982|t|Discusses and illus many stones
Diack/1944|Diack, F. C. (1944). _The Inscriptions of Pictland._ (W. M. Alexander and J. Macdonald, eds.) Spalding Club: Aberdeen.|1944|f|inc
Dickie/1890|Dickie, W. (1887--90). `Field meeting, 6th of July.' _Transactions of the Dumfriesshire and Galloway Natural History and Archaeological Society_, 2nd series, 6: 162--9.|1890|f|n
Donaldson/1924|Donaldson, A. (1924). `William Todd, parish schoolmaster of Kirkmaiden, 1799--1845.' _The Gallovidian Annual 1924_, pp. 20--2.|1924|f|n
Donations/1862|Anon (1860--62) `Donations to the Museum', _Proceedings of the Society of Antiquaries of Scotland_ 4: 293.|1862|f|n
Drummond/1881|Drummond, J. (1881). _Sculptured Monuments in Iona and the West Highlands_.|1881|f|n
Dryden/MS|Dryden, Henry (n.d.) Manuscript Collections of Sir Henry Dryden. NMRS, MS 28.|1875|f|n
DumfMusCat|Dumfries Museum. Early Medieval Catalogue (unpublished).|1968|t|KF
Dumville/1984|Dumville, D. (1984). `Gildas and Maelgwn: problems of dating',  _in_  Dumville, D. and M. Lapidge (eds.) _Gildas: new approaches_, pp. 51--59.  Woodbridge.|1984|f|
Dunbar/Fisher/1995|Dunbar, J. G. and I. Fisher (1995). _Iona.  A Guide to the Monuments._ Edinburgh: HMSO.|1995|f|n
Duncan/1981|Duncan, A. A. M. (1981). `Bede, Iona and the Picts', _in_ Davis, R. H. C. and J. M. Wallace-Hadrill _The Writing of History in the Middle Ages_, pp. 1--42. Oxford.|1981|t|KF
Ed/1920|Anon (1920). `Discovery of an Inscribed stone at Llansadyrnin.' _Archaeologia Cambrensis_ 75:190--192.|1920|t|LSADY
Edwards/1986|Edwards, N. (1986). `Anglesey in the Early Middle ages: the archaeological evidence.' _Anglesey Antiquarian Society and Field Club Transactions_ ??:19-41.|1986|t|Discussion of Anglesey stones. VOLUME
Edwards/1987|Edwards, N. (1987). `Bryn Gwylan.' _Archaeology in Wales_ 27: 58.|1987|t|Llangernyw stone.
Edwards/1991|Edwards, N. (1991). `The Dark Ages',  _in_  Manley, J. _et al._ (eds.) _The Archaeology of Clwyd_, pp. 129--141.|1991|t|Denbighshire and Flintshire stones.
Evans/1888|Evans, Arthur J. 1888, `On a coin of a second Carausius', _Archaeologia Cambrensis_ 43: 138--163.|1888|t|nonsense
Evans/1907|Evans, G. E. (1907). `Llansaint.' _Archaeologia Cambrensis_ 62: 63--65.|1907|t|SISHM
Evans/1917|Evans, G. E. (1917). 'Moved Stones.' _Archaeologia Cambrensis_ 72: 163--166.|1917|t|New locations for Sir Gar stones.
Fisher/1921|Canon Fisher (1921). `Latin-Ogam Inscribed Stone.' _Archaeologia Cambrensis_ 75: 376--377|1921|t|Photo of CLOCG
Forsyth/1996|Forsyth, K. (1996) _The Ogham Inscriptions of Scotland: An Edited Corpus._ Unpublished PhD, Harvard University.|1996|t|
Fox/1895|Fox, George E. (1895). `Excavations on the site of the Roman City of Silchester, Hants, in 1894.'' _Archaeologia_ 54(2), 439--494.|1895|t|notes taken, in IoA lib
Francis/1877|Francis, G. G. (1877). `The Llanwinio Stone.' _Archaeologia Cambrensis_ 32: 74--75.|1877|f|
Frere/1987|Frere, S. (1987). _Britannia. A History of Roman Britain._ London.|1987|t|Coins at Chesterholm
Gascou/Janon/1985|Gascou, J. and Janon, M. (1985). _Inscriptions Latines de Narbonnaise. I. Frejus._ Paris.|1985|t|Similar face to that at PLAGT
Gippert/Web|Gippert, J. (1997) _Thesaurus Indogermanischer Text-und Sprachmateriale. Ogam-Inschriften_. University of Frankfurt, on-line data-base.|1997|f|
Glynne/1884|Glynne, S. R. (1884). `Notes on the older churches in the four Welsh dioceses.' _Archaeologia Cambrensis_ 39: 169--192.|1884|t|LHAIR church discussion.
Gough/1806|Gough, R. (1806) _Britannia...By William Camden._ 2nd edition, London.|1806|f|
Graham/1850|Graham, H. D. (1850). _Antiquities of Iona_.|1850|f|n
Graham-Campbell/1995|"Graham-Campbell, J. (1995). _The Viking-Age Gold and Silver of Scotland (AD 850-1100)_. Edinburgh.National Museums of Scotland. 
"|1995|t|Tarbat site hoard.
Guigon/1994|Guigon, P. (1994). _Les sepultures du Haut Moyen-Age en Bretagne._ Rennes.|1994|t|Many Breton stones
Halhed/1908|Halhed, W. B. (1908). `The Brohomagli Inscribed Stone at Voelas Hall.' _Archaeologia Cambrensis_ 6th series, 8: 234--235.|1908|t|Illustrates Brohomgali at Pentrefoelas
Handley/2000|Handley, M.A.(2000). `The Origins of Christian Commemoration in Late Antique Britain.' _Early Medieval Europe_ (Forthcoming).|2000|f|
Harden/1996|Harden, J. (1996). `A potential archaeological context for the Early Christian sculptured stones from Tarbat, Easter Ross', _in_ Bourke, C. (ed.) _From the Isles of the North: Early Medieval Art in Ireland and Britain_, pp. 221--227. Belfast: HMSO.|1996|t|KF
Harper/1876|Harper, M. M. L. (1876). _Rambles in Galloway --- topographical, historical, traditional, and biographical_. Edinburgh.|1876|f|n
Haverfield/1918|Haverfield, F. (1918). `Early Northumbrian Christianity and the altars to the `Di Veteres'.' _Archaeologia Aeliana_ 3rd series 15: 22--43.|1918|t|CHOLM
Hemp/1923|Hemp, W. J. (1923). `A newly discovered inscribed stone', _Archaeologia Cambrensis_ 78: 318--319.|1923|t|copied
Henderson/1978|Henderson, I. B. (1978). `Sculpture north of the Forth after the takeover by the Scots', _in_ Lang, J. (ed.) _Anglo-Saxon and Viking Age Sculpture and Its Context_,  pp. 47--73. Oxford: British Archaeological Reports, British series 49.|1978|f|
Higgitt/1982|Higgitt, J. C. (1982). `The Pictish Latin inscription at Tarbat in Ross-shire.' _Proceedings of the Society of Antiquaries of Scotland_ 112: 300--321.|1982|f|inc
Higgitt/1994|Higgitt, J. C. (1994). `The display script of the Book of Kells and the tradition of insular decorative capitals', _in_ O'Mahony, F. (ed.) _The Book of Kells. Proceedings of a conference at Trinity College Dublin, 6--9 September 1992._ Scolar Press.|1994|f|KF
Higgitt/1997|Higgitt, J. C. (1997) '_legentes quoque vel audientes_: Early Medieval inscriptions in Britain and Ireland and their audiences', _in_ Henry, D. (ed.) _The Worm, the Germ and the Thorn: Pictish and related studies present to Isabel Henderson. Balgavies, F|1997|t|KF
Hill/1997|Hill, P. (1997). _Whithorn and St Ninian. The excavation of a monastic town 1984--1991._ Whithorn.|1997|t|Find spot of WHIT1/1
Hubner/1876|Hübner, A. (1876). _Inscriptiones Britanniae Christianae_ Williams and Norgate, London and George Reimer, Berlin.|1876|f|Cambridge U.L. Borrowed MAH
Huebner/1876|Huebner, E. (1876) _Inscriptiones Britanniae Christianae_. Berlin:|1876|t|pub?
Hughes/1923|Hughes, H. H. (1923) `INCOMPLETE', _Archaeologia Cambrensis_|1923|f|
Hughes/1924|Hughes, H. (1924). `Early Christian Decorative Art in Anglesey. II.' _Archaeologia Cambrensis_ 79: 39--58.|1924|t|Illustration and discussion of Anglesey
Jackson/1953|Jackson, K. H. (1953) _Language and History in Early Britain._  Edinburgh: Edinburgh University Press.|1953|t|n
Jackson/1955|Jackson. K. H. (1955), `The Pictish language', _in_  Wainwright, F. T. (ed.) _The Problem of the Picts_, pp. 129--66. Edinburgh: Nelson.|1955|t|KF
Jackson/1982|Jackson, K. H. (1982). `Varia: II. Gildas and the names of the British Princes.' _Cambridge Medieval Celtic Studies_ 3: 30--40.|1982|f|
Jackson/1982b|Jackson, K. H. (1982). `Brigomaglos and St. Briog.'  _Archaeologia Aeliana_, 5th series, 10: 61--5.|1982|t|Chesterholm
Jackson/nd|Jackson, K. H. (n.d.). `Interim report on the Poltalloch inscription', unpublished report completed at request of Commissioners and deposited in the NMRS, quoted in RCAHMS/1922, 51.||f|n
James/1992|James, T. A.(1992). `Air photography of Ecclesiastical sites in South Wales', _in_ Edwards, N. and A. Lane (eds.) _The Early Church in Wales and the West_ pp. 62--76. Oxbow Books, Oxford.|1992|t|Carmarthenshire sites
James/1997|James, H. (1997). `Llandysilio Church and Parish 500--1543 AD. From heartland to borderland.' _The Carmarthenshire Antiquary_ 33: 5--26.|1997|f|Llandysilio and Egremont.
Jarrett/1976|Jarrett, M. G. (1976). _Maryport, Cumbria: a Roman Fort and its Garrison_.|1976|f|Site history for MAPOR, INCOMPLETE
Jenkins/Owen/1983|Jenkins, D and Owen, M. (1983). `The Welsh Marginalia in the Lichfield Gospels. Part 1.'  _Cambridge Medieval Celtic Studies_ 5: 37--66.|1983|f|Llandeilo and LGADW/1
Jervise/1853|Jervise, A. (1853). _The History and Traditions of the Land of the Lindsays_.|1853|f|n
Jervise/1857|Jervise, A. (1854--57). `Notices of the localities of the sculptured stone monuments at St Vigeans, Inchbrayoch, Pitmuies and Menmuir in Angus, and of Fordoun in the Mearns.' _Proceedings of the Society of Antiquaries of Scotland_ 2: PAGES?|1857|f|n PAGES
Jones/1846|Jones, H. L. (1846). `Mona Medieva. An Account of the Medieval Buildings and Monuments of the Isle of Anglesey.'  _Archaeologia Cambrensis_ 1: 61--70.|1846|t|Heneglwys stone and site.
Jones/1846b|Jones, H. L. (1846). `Mona Medieva. No. II.' _Archaeologia Cambrensis_  1: 155--169.|1846|f|Llangadwaladr
Jones/1846c|Jones, H. L. (1846). `Mona Medieva. No. III.' _Archaeologia Cambrensis_ 1: 297--305.|1846|f|
Jones/1846d|Jones, H. L. (1846). `Mona Medieva. No. IV.'  _Archaeologia Cambrensis_ 1: 425--436.|1846|t|Newborough stone
Jones/1847|Jones, H. L. (1847).  `Mona Medieva. No. VII.'  _Archaeologia Cambrensis_ 2: 257--260.|1847|t|Llansadwrn.
Jones/1861|Jones, H. L.  (1861). `Mona Medieva no. XXV.' _Archaeologia Cambrensis_ 7: 294--300.|1861|f|
Jones/1898|Jones, R. O. (1898). `The Pool Park Inscribed Stone.' _Archaeologia Cambrensis_ 53: 373--377.|1898|t|Discussion of site and environs.
Jones/1923|Jones, M. H. (1923). `Carmarthenshire in the Bronze and Iron Age.' _Carmarthenshire Antiquarian Society Transactions_ 16: 20--23.|1923|t|EGLWC
Jones/1990|Jones, B. L. (1990). 'Gwriad's Heritage: Links between Wales and the Isle of Man in the early Middle Ages.'  _Transactions of the Honourable society of Cymmrodorion_ ??: 29--44.|1990|t|British dynasty in Man?
Jones/1994|Jones, G. R. J. (1994). ` ``Tir Telych'', the Gwestfau of Cynwyl Gaeo and Cwmwd Caeo.' _Studia Celtica_ 28: 81--95.|1994|t|Cynwyl Gaeo - history.
Jones/Westwood/1848|Jones, T. L. D. and J. O. Westwood (1848). `Inscribed Stone at Llangian, Caernarvonshire', _Archaeologia Cambrensis_ 3: 105--107|1848|t|copied
JonesParry/1847|Jones Parry, T. L. D. (1847). `Inscribed stones, Llannor, Caernarvonshire', _Archaeologia Cambrensis_ 2, 201--204|1847|t|copied
Kemp/1887|Kemp, D. W. (1887).  _Tours in Scotland 1747, 1750, 1760, by Richard Pococke, Bishop of Meath._  Edinburgh: Scottish Historical Society, 1.|1887|f|n
Kermode/1895|Kermode, P. M. C. (1895). `Early Inscribed Stone found at Santon, Isle of Man', _Archaeologia Cambrensis_ 50: 205--206.|1895|t|
Kermode/1897|Kermode, P. M. C. (1897).  `A Welsh Inscription in the Isle of Man.' _Zeitschrift fur Celtische Philologie_ 1: 47--51.|1897|t|First publication of inscription.
Kermode/1902|Kermode, P. M. C. (1902). `Some Early Christian Monuments recently discovered at Kirk Maughold, Isle of Man', _The Reliquary and Illustrated Archaeologist_ 8: 182--193.|1902|t|
Kermode/1902a|Kermode, P. M. C. (1902). `Early Inscribed stone from Kirk Maughold, Isle of Man.' _Reliquary and Illustrated Archaeologist_ 8: 125--127.|1902|t|MAUGH 4 finding
Kermode/1907|Kermode, P. M. C. (1907. _Manx Crosses_. London: Bemrose & Sons Ltd.|1907|t|
Kermode/1909-1910|Kermode, P. M. C. (1909--1910). `Discovery of bilingual inscription at Knock-y-doonee, Andreas.' _Proceedings of the Isle of Man Natural History and Antiquarian Society_ 7: 411--413.|1909|t|Discovery of Ammecati stone
Okasha/1993|Okasha, E. (1993) _Corpus of Early Christian Inscribed Stones of South-west Britain._  Leicester: Leicester University Press.|1993|t|KF
Kermode/1910-1911|Kermode, P. M. C. (1910--1911) `Note on the Ogam and Latin Inscriptions from the Isle of Man, and a recently discovered Bilingual, in Celtic and Latin.' _Proceedings of the Society of Antiquaries of Scotland_ 45: 437--450.|1910|t|Gen.discussion of known Man inscriptions
Kermode/1911|Kermode, P. M. C. (1911). _The Manx Archaeological Survey. 3rd Report._ Douglas.|1911|t|pub?
Kermode/1911-1912|Kermode, P. M. C. (1911--1912). `Cross-slabs recently discovered in the Isle of Man.' _Proceedings of the Society of Antiquaries of Scotland_ 46: 53--76.|1911|t|Ballavarkish stone
Kermode/1911-1912b|Kermode, P. M. C. (1911--1912). `Inscribed cross-slab from Keeill at Ballavarkish, Bride.' _Proceedings of the Isle of Man Natural History and Antiquarian Society_ 9: 593--595.|1911|f|Finding of Ballavarkish stone.
Kermode/1915|Kermode, P. M. C. (1915). _The Manx Archaeolgical Survey. 4th Report._ Douglas.|1915|t|Maughold site.
Kermode/1927-28|Kermode, P. M. C. (1927--28). `Knoc-y-doonee.'  _Proceedings of the Isle of Man Natural History and Antiquarian society_ ??: 241--46.|1927|t|volume????
Kermode/1929|Kermode, P. M. C. (1929). `The Ancient Monuments of the Isle of Man.' _Archaeologia Cambrensis_ 84: 167--178.|1929|t|
Kermode/1929b|Kermode, P. M. C. (1929), 'Douglas, Isle of Man --- Report.' _Archaeologia Cambrensis_ 84: 349--381.|1929|t|Discusses most Manx sites and stones
Kermode/1930|Kermode, P. M. C. (1930). `A ship burial in the Isle of Man.' _Antiquaries Journal_ 10: 126-133.|1930|t|Site of Knoc-y-Doonee
Kermode/1935|Kermode, P. M. C. (1935). _The Manx Archaeological Survey. 5th Report 1918._ Douglas.|1918|f|Discussion of site of Santon. ??? date?
Kermode/1994|Kermode, P.M.C. (1994). _Manx Crosses_Balgavies, Angus: Pinkfoot Press.|1994|f|
Kermode/Herdman/1914|Kermode, P. M. C., and Herdman, W. A. (1914). _Manks Antiquities._ Liverpool.|1914|t|2nd edition of 1904 book.
Kneale/1887|Kneale, W. (1887). `The Discovery of Ogams in the Isle of Mann.' _The Manx Notebook_ 3(12): 163--166.|1887|t|RUSHN ogams
Knight/1992|Knight, J. (1992). `The Early Christian Latin inscriptions of Britain and Gaul: Chronology and Content', _in_ Edwards, N. and A. Lane (eds.) _The Early Church in Wales and the West._ Oxford: Oxbow Monograph 16.|1992|f|KF
Knight/1995|Knight, J.K. (1995). `Penmachno Revisited: The Consular Inscription and its Context.' _Cambrian Medieval Celtic Studies_ 29: 1--10.|1995|t|
Lacaille/1925|Lacaille, A. D. (1925). `Some ancient crosses in Dumbartonshire and adjoining counties.' _Proceedings of the Society of Antiquaries of Scotland_ 59: 143--153.|1925|f|none
Laing/1975|Laing, L. (1975) _The Archaeology of Late Celtic Britain and Ireland._ London.|1975|t|pub?
Langdon/1896|Langdon, A. G. (1896). _Old Cornish Crosses._ Truro. (facsimile reprint, 1988, Exeter: Cornwall Books).|1896|t|?
Langdon/1906|Langdon, A. (1906). `Early Christian Monuments'. in _Victoria County History Cornwall_. London: 407--449.|1906|t|
Langdon/1988|Langdon, A. G. (1988) _Old Cornish Crosses._  Exeter: Cornwall Books.  Facsimile edition of Langdon/1896.|1988|t|JGC
Langdon/Allen/1895|Langdon, A. G. and J. R. Allen (1895). `Catalogue of the early Christian inscribed monuments in Cornwall'. _Archaeologia Cambrensis_ 5th series, 12: 50--60 and plates.|1895|t|p/c
Laws/1895|Laws, E. (1895). `Discovery of the Tombstone of Vortipore, Prince of Demetia at Llanfallteg, Carmarthenshire.' _Archaeologia Cambrensis_ 50: 303--307.|1895|f|Votoporis
Le Blant/1865|Le Blant, E. (1865). _Inscriptions Chretiennes de la Gaule._ Paris.|1865|t|LMARC
Lejeune/1988|Lejeune, M. (1988). _Receuil des inscriptions gauloises: II.1 Textes gallo-etrusuqes. Textes gallo-latins sur pierre._ Paris.|1988|t|PLMGT/1
Lewis/1964|Lewis, J. M. 1964.  `Early Christian Stones in Wales', _Archaeologia Cambrensis_ 113, 166--168.|1966|t|pcopied
Lhuyd/1700|Lhuyd, Edward (1700) _Philosophical Transactions of the Royal Society_, 22.|1700|f|n
Lhuyd/1858|Lhuyd, E. (1858). `Letters of Edward Lhwyd.' _Archaeologia Cambrensis_ 4: 343--348.|1697|t|LDEIO/1
Lines/1992|Lines, M. (1992). _Sacred Stones Sacred Places_. Edinburgh: St Andrews Press.|1992|t|KF
Lloyd/1939|Lloyd, J. E. (1939). _A History of Wales from the Earliest Times to the Edwardian Conquest._ 3rd edition, 2 vols.|1939|t|
Lord Southesk/1887|Lord Southesk (1887). `The Oghams on the Kirk Michael Cross.' _The Academy_ November 26, pp 359--361.|1887|t|First discussion of Kirk Michael Oghams
Macalister/1897|Macalister, R. A. S. (1897) _Studies in Irish Epigraphy. A Collection of Revised Readings of the Ancient Inscriptions of Ireland, with Introduction and Notes._ Part I. London: David Nutt.|1897|f|
Macalister/1902|Macalister, R. A. S. (1902) _Studies in Irish Epigraphy. A Collection of Revised Readings of the Ancient Inscriptions of Ireland, with Introduction and Notes_. Part II.  London: David Nutt.|1902|t|Man Oghams
Macalister/1907|Macalister, R. A. S. (1907) _Studies in Irish Epigraphy. A Collection of Revised Readings of the Ancient Inscriptions of Ireland, with Introduction and Notes_Part III. London: David Nutt.|1907|f|
Macalister/1913|Macalister, R.A.S. (1912--13). `An inventory of the ancient monuments remaining in the island of Iona.' _Proceedings of the Society of Antiquaries of Scotland_ 48: 421-30.|1913|f|n
Macalister/1919|Macalister, R.A.S.(1919) '' _Proceedings of the Royal Irish Academy_34 (1919), 401.|1919|f|
Macalister/1921|Macalister, R. A. S. (1921). `Notes of an Epigraphic Pilgrimage in south-west Wales.' _Carmarthenshire Antiquarian Society Transactions_ 15: 21--23.|1921|t|Many Carmarthenshire stones.
Macalister/1922|Macalister, R. A. S. (1922) `Notes on some of the Early Welsh Inscriptions',  _Archaeologia Cambrensis_0 series,  77, 198--219.|1922|t|series?
Macalister/1922a|Macalister, R. A. S. (1922). `Notes of an Epigraphic Pilgrimage in South-West Wales.' _Carmarthenshire Antiquarian Society Transactions_ 15: 29--32.|1922|t|Many Carmarthenshire stones
Macalister/1922b|Macalister, R. A. S. (1922). `Notes of an Epigraphic pilgrimage in South-west Wales.' _Carmarthenshire Antiquarian Society Transactions_ 15: 21--23.|1922|t|Carmarthenshire
Macalister/1928|Macalister, R. A. S. (1928)  `The Ancient Inscriptions of Wales', _Archaeologia Cambrensis_ 83, 285--315.|1928|t|pcopied
Macalister/1929|Macalister, R. A. S. (1929) _Antiquity_ 3,|1929|f|n-- TITLE???
Roberts/1876|Roberts, A. (1876) `Carmarthenshire Antiquities.' _Archaeologia Cambrensis_ 31, 236--237.|1876|t|Abergwili
Macalister/1930|Macalister, R. A. S. (1930) in `Report of the Annual meeting at Menai Bridge, Anglesey.' _Archaeologia Cambrensis_ 85: 438--482.|1930|t|Llangefni stone
Macalister/1936|Macalister, R. A. S. (1935--36). `The Ancient Inscriptions of Kirkmadrine and Whithorn.' _Proceedings of the Society of Antiquaries of Scotland_ 70: 315--325.|1936|t|n same as Mac/1936-37, Yarrow
Macalister/1940|Macalister, R. A. S. (1940). `The inscriptions and language of the Picts', _in_ Ryan, J. (ed.)  _Essays and Studies Presented to Professor Eoin MacNeill. Féil-Sgríbhinn Eóin mhic Néill_, pp. 184--226. Dublin: At the Three Candles.|1940|t|KF
Macalister/1945|Macalister, R. A. S. (1945) _Corpus Inscriptionum Insularum Celticarum_.Volume I. Dublin: Stationery Office.|1945|t|KF
Macalister/1949|Macalister, R. A. S. (1949) _Corpus Inscriptionum Insularum Celticarum_. Volume  II.  Dublin: Stationery Office.|1949|t|KFPC
Macdonald/1935-36|Macdonald, G. (1935--36). `On two Inscribed Stones of the Early Christian period from the Border District.' _Proceedings of the Society of Antiquaries of Scotland_ 70: 33-39.|1936|t|Manor Water and Liddesdale.
MacDonald/1936|MacDonald, Sir G. (1936) `££', _Proceedings of the Society of Antiquaries of Scotland_ 70, ££-££.|1936|f|n COMPLETE
MacDonald/1973|MacDonald, A. (1973) `Two major early monasteries of Scottish Dalriata.' _Scottish Archaeological Forum_ 5: 45--70.|1973|f|n
MacDonald/1997|MacDonald, A. (1997). `Adomnán's Monastery of Iona'  _in_ Bourke, C. (eds.) _Studies in the Cult of Saint Columba_, pp.  24-44.  Dublin: Four Courts.|1997|t|KF
MacLean/1997|MacLean, D. (1997). `Maelrubai, Applecross and the late Pictish contribution west of Druimalban' _in_ Henry, D. (ed).  _The Worm, the Germ and the Thorn: Pictish and related studies present to Isabel Henderson_, pp. 173--8.  Balgavies, Forfar: Pinkfoot P|1997|t|KF
Mahe/1825|Mahe, J. (1825)._ Essai sur les antiquites du Morbihan_Vannes: Imprimerie Galles.|1825|f|Prostlon stone.
Maxwell/1917|Maxwell, H. E. (1916--17). `The crosses of Kirkmadrine: Discovery of the missing third stone.' _Proceedings of the Society of Antiquaries of Scotland_ 51: 199--207.|1917|f|n
McCormick/1997|McCormick, F. (1997). `Iona: the Archaeology of the Early Monastery' _in_ Bourke, C. (ed.) _Studies in the Cult of Saint Columba_, pp. 45--68.  Dublin: Four Courts.|1997|t|KF
McManus/1991|McManus, D. (1991) _A Guide to Ogam._ Maynooth Monographs 4.  Maynooth: An Sagart.|1991|t|n
Megaw/1950|Megaw, B. R. S. (1950), 'The Monastery of St. Maughold.', _Proceedings of the Isle of Man Natural History and Antiquarian Society_ 5: 169--80.|1950|t|Dig at Maughold and finding of Branhui
Miller/1979|Miller, M. (1979). _The Saints of Gwynedd._  Woodbridge: Boydell Press.|1979|t|Listings and dates of Gwynedd stones.
Mitchell/1872|Mitchell, A. (1870--72). `Inscribed stones at Kirkmadrine, in the Parish of Stoneykirk, county of Wigton.' _Proceedings of the Society of Antiquaries of Scotland_ 9: 568--86.|1872|f|n
M'Kerlie/1877|M'Kerlie, P. (1877). _History of the Lands and Their Owners in Galloway, illustrated by woodcuts of notable places and objects, with a historical sketch of the district, II_. Edinburgh.|1877|f|n
M'Kerlie/1906|M'Kerlie, P. (1906). _History of the Lands and Their Owners in Galloway, with historical sketches of the district, new edition, II_. Paisley.|1906|f|n
M'Neil/1952|M'Neil C. (1952) `The lost stone of Kirkmadrine',  _University of Edinburgh Journal_ 16(3): 174--7.|1952|t|n
Moore/1996|Moore, M. J. (1996) _Archaeological Inventory of County Wexford._ Dublin: Stationery Office.|1996|t|
Morris/1997|Morris, C. (1997). `Excavations on the Lower Terrace, Site C, Tintagel Island 1990-1994'. _Antiquaries Journal_ 77: 1--143.|1997|t|
Morris/1998|Morris, C. (1998). `Tintagel'. _Current Archaeology_  no. 159: 84--88.|1998|t|
Morris/1999|Morris, C. (1999). `Tintagel 1998'. _Council for British Archaeology South West_ 2: 6--9.|1999|t|
Morrison/1885|Morrison, H. (1884--85). `Notices of the discovery of a stone coffin and fragment of a Celtic cross at Lethnott, Forfarshire, and of a bronze celt at Durness, Sutherland.'  _Proceedings of the Society of Antiquaries of Scotland_ 19: 315--20.|1885|f|inc
Nash-Williams/1936|"Nash-Williams, V. E. (1936) `An Inventory of the Early Christian Stone Monuments of Wales, with a Bibliography of the Principal Notices'', _Bulletin of the Board of Celtic Studies_, 8, 62--84, 161--188.
"|1936|f|
Nash-Williams/1938|Nash-Williams, V. E. (1938). `Some dated monuments of the ``Dark Ages'' in Wales', _Archaeologia Cambrensis 93: 31--56.|1938|t|copied
Nash-Williams/1950|Nash-Williams, V. E. (1950) _The Early Christian Monuments of Wales_. Cardiff: University of Wales Press.|1950|f|
NMRS/HY62NE14|NMRS OS Record Card HY 62 NE 14|1992|t|n
NMRS/N056SSE22|NMRS OS Record Card NO 56 SE 22|1992|t|
NMRS/NM22SE44|NMRS OS Record Card NM 22 SE 44|1992|f|n
NMRS/NM48NE19|NMRS OS Record Card NM 48 NE 19|1992|t|n
NMRS/NM48NE20|NMRS OS Record Card NM 48 NE 20|1992|t|n
NMRS/NM48NE24|NMRS OS Record Card NM 48 NE 24|1992|t|n
NMRS/NO56NW16|NMRS OS Record Card NO 56 NW 16|1992|f|n
NMRS/NO56SE22|NMRS OS Record Card NO 56 SW 22|1992|t|
NMRS/NO56SE22.3|NMRS OS Record Card NO 56 SW 22.3|1992|f|
NMRS/NO77NW3|NMRS OS Record Card NO 77 NW 3|1992|t|
NMRS/NR89SW13|NMRS OS Record Card NR 89 SW 13|1992|t|n
NMRS/NT13SE3|NMRS OS Record Card NT 13 SE 3|1992|f|n
NMRS/NT24SE4|NMRS OS Record Card NT 24 SE 4|1992|f|n
NMRS/NT24SE4.1|NMRS OS Record Card NT 24 SE 4.1|1992|t|n
NMRS/NT24SE8|NMRS OS Record Card NT 24 SE 8|1992|t|n
NMRS/NX04NE1|NMRS OS Record Card NX 04 NE 1|1992|t|KF
NMRS/NX44SW5|NMRS OS Record Card NX 44 SW 5|1992|t|n
NMRS/NX54NE6|NMRS OS Record Card NX 54 NE 6|1992|t|n
NMRS/NY48NE13|NMRS OS Record Card NY 48 NE 13|1992|f|n
O Croinin/1995|O Croinin, D. (1995). _Early Medieval Ireland 400--1200._ London: Longman.|1995|t|
Okasha/1970|Okasha, E. 1970--71. `A new inscription from Ramsey Island', _Archaeologia Cambrensis_ 119--120, 68--70|1970|f|pc in coll
Okasha/1985|Okasha, E. (1985). `The non-ogam inscriptions of Pictland.' _Cambridge Medieval Celtic Studies_ 9: 43--69.|1985|t|KF
Oswald/1823|Oswald (1823). `Notes of reference to the series of delineations of the Runic and other ancient crosses in the Isle of Man.' _Archaeologia Scotica_ 2:502--508.|1823|f|Santon and Guriat, NAME?
Owen/1891|Owen, E. (1891).  `Report of the 45th Annual Meeting, Holywell.' _Archaeologia Cambrensis_ 46: 51--76, 102--144.|1891|t|Illustration of Caerwys.
Owen/1896|Owen, E. (1896) `Lewis Morris's Notes on Some Inscribed Stones in Wales', _Archaeologia Cambrensis_ 51, 129--144.|1896|t|pc
Padel/1972|Padel, O. (1972). _Inscriptions of Pictland._ Unpublished M.Litt. dissertation, University of Edinburgh.|1972|f|inc
Padel/1984|Padel, O. (1984). `Geoffrey of Monmouth and Cornwall'. _Cambridge Medieval Celtic Studies_ 8:1-28.|1984|t|
Page/1980|Page, R. I. (1980). `Some thoughts on Manx Runes.'  _Saga Book of the Viking Society_ 20: 179--99.|1980|t|Earliest notes on KMICH and Maugh alpab
Page/1983|Page, R. I. (1983).  `The Manx Rune Stones', _in_ Fell, C. (ed.) _The Viking Age in the Isle of Man,_ pp. 133--46.  London.|1983|t|
Parry/Westwood/1847|Jones Parry, T. L. D. and J. O. Westwood (1847). `Inscribed stones, Llannor, Caernarvonshire', _Archaeologia Cambrensis_ 2: 201--204|1847|t|pc'd
Pearce/1982|Pearce, S.M. (1982) 'Church and Society in South Devon, AD 350-700', _Devonshire Archaeological Society Proceedings_, 40: 1--18.|1982|f|
Pennant/1773|Pennant, T. (1773--6). _Tours in Wales_.  ed. J. Rhys (3 vols, 1883).|1773|f|not seen
Phillips/1921|Phillips, O. (1921). `The Egremont Stone.' _Carmarthenshire Antiquarian Society Transactions_ 15: 36--37.|1921|t|EGRMT
Pokorny/1959|Pokorny, Julius (1959) _Indogermanisches Etymologisches Wörterbuch_ 2 vols (1959, 1969).|1959|f|n
Power et al/1997|Power, D., E. Byrne, U. Egan, S. Lane & M.Sleeman (1997)_Archaeological Inventory of County Cork.Volume III: Mid Cork_Dublin: Stationery Office.|1997|f|
Power/etal/1997|Power, D. et al.  (1997) _Archaeological Inventory of County Cork._, Vol. 3, _Mid Cork comprising the Baronies of East Muskerry, West Muskerry and Barretts._ Dublin: Stationary Office.|1997|t|
Preston-Jones/1992|Preston-Jones, A. (1992). `Decoding Cornish Churchyards.' _The Early Church in Wales and the West_, edited by N. Edwards and A. Lane, Oxford: 105--124.|1992|t|Cornish sites and stones
Prichard/1898|Prichard, H. (1898). `Old Llangaffo Church and Cross.'  _Archaeologia Cambrensis_ 53: 288--290.|1898|t|Includes drawing form 'a century ago'.
Proudfoot/1997|Proudfoot, E. (1997). `Abernethy and Mugdrum: towards reassessment', _in_ Henry, D. (ed.) _The Worm, the Germ and the Thorn: Pictish and related studies present to Isabel Henderson_,  pp. 47--63. Balgavies, Forfar: Pinkfoot Press.|1997|t|KF
PSAS/1969|Anon (1968--69) _Proceedings of the Society of Antiquaries of Scotland_ 101: ££-££.|1969|f|N
PSAS/1977|_Proceedings of the Society of Antiquaries of Scotland_ 108 (1976-7), ?????.|1977|f|n
Radford/1937a|"Radford, C. A. Ralegh (1937) `The Early Mediaeval period'', in RCAHMW _An Inventory of Ancient Monuments in Anglesey_, London, xci--ciii (Appendix iv).
"|1937|t|
Radford/1937b|"Radford, C. A. Ralegh (1937) `The early inscriptions'', in RCAHMW _An Inventory of Ancient Monuments in Anglesey_, London, civ--cix (Appendix V)
"|1937|t|
Radford/1956|Radford, C. A. R. (1955--56). `Excavations at Whithorn (Final Report).' _Transactions of the Dumfries-shire and Galloway Natural History and Archaeological Society_ 34: 131--94.|1956|t|WHIT1 and WHIT2
Radford/1957|Radford, C. A. R. (1957). `Excavations at Whithorn (Final Report).' _Transactions of the Dumfries-shire and Galloway Natural History and Archaeological Society_ 34, 131--94.|1957|f|n
Radford/1967|Radford, C. A. R. (1967). `The Early Church in Strathclyde and Galloway.' _Medieval Archaeology_ 11: 105--126.|1967|t|Identification of Guriat
Radford/Donaldson/1957|Radford, C. A. R. and G. Donaldson (1957) _Whithorn and Kirkmadrine Wigtownshire_. Ministry of Works Official Guide book, 2nd imprint. Edinburgh: H.M.S.O.|1957|f|n
Radford/Donaldson/1984|Radford, C. A. R. and Gordon Donaldson (1984). _Whithorn and the ecclesiastical monuments of Wigtown Distric.t_ Revised edition by Ian Fisher and Christopher J. Tabraham). Edinburgh: HMSO.|1984|f|n
RCAHMS/1911a|RCAHMS (1911). _Second Report and Inventory of Monuments and Constructions in the County of Sutherland_. Edinburgh: HMSO.|1911|t|n
RCAHMS/1911b|RCAHMS (1911). _Third Report and Inventory of Monuments and Constructions in the County of Caithness_. Edinburgh: HMSO.|1911|t|n
RCAHMS/1912|RCAHMS (1912). _Fourth Report and Inventory of Monuments and Constructions in Galloway, I, County of Wigtown_. Edinburgh: HMSO.|1912|f|n
RCAHMS/1928|RCAHMS (1928). _Ninth Report with Inventory of Monuments and Constructions in the Outer Hebrides, Skye and the Small Isles_. Edinburgh: HMSO.|1928|f|n
RCAHMS/1933|RCAHMS (1933). _Eleventh Report with Inventory of Monuments and Constructions in the Counties of Fife, Kinross and Clackmannan_. Edinburgh: HMSO.|1933|t|n
RCAHMS/1946|RCAHMS (1946). _Twelfth Report with an Inventory of the Ancient Monuments of Orkney and Shetland.  II Inventory of Orkney_. Edinburgh: HMSO.|1946|t|n
RCAHMS/1956|RCAHMS (1956). _An Inventory of the Ancient and Historical Monuments of Roxburghshire_. Edinburgh: HMSO.|1956|f|n
RCAHMS/1957|RCAHMS (1957). _An Inventory of the Ancient and Historical Monuments of Selkirkshire_. Edinburgh: H.M.S.O.|1957|f|n
RCAHMS/1967|RCAHMS (1967). _Inventory of Peebles-shire_. Edinburgh: HMSO.|1967|f|n
RCAHMS/1971|RCAHMS (1988). _Argyll.  An Inventory of the Monuments.  Vol.1 Kintyre. Edinburgh: HMSO.|1971|t|n
RCAHMS/1982|RCAHMS (1982). _Argyll.  An Inventory of the Monuments.  Vol.4 Iona_. Edinburgh: HMSO.|1982|t|n
RCAHMS/1985|RCAHMS (1985). _The Archaeological Sites and Monuments of Scotland. 24, West Rhins, Wigtown District, Dumfries and Galloway Region_. Edinburgh: RCAHMS.|1985|f|n
RCAHMS/1988|RCAHMS (1988). _Argyll.  An Inventory of the Monuments.  Vol.6 Mid Argyll & Cowal.  Prehistoric and Early Historic_. Edinburgh: HMSO.|1988|t|n
RCAHMS/1992|RCAHMS (1992). _Argyll.  An Inventory of the Monuments.  Vol.7 Mid Argyll & Cowal.  Medieval and Later Monuments_. Edinburgh: HMSO.|1992|t|n
RCAHMW/1956|"_Royal Commission on Ancient and Historical Monuments in Wales and Monmouthshire_ (1957). _
"||f|unfinished
Robertson/1918|Robertson, G. P. (1918). `The lost stone of Kirkmadrine.' _Transactions of the Dumfries-shire and Galloway Natural History and Archaeological Society_ 5: 136--41.|1918|f|n
RCAHMW/1960|Royal Commission on Ancient and Historical Monuments in Wales and Monmouthshire (1960). _An Inventory of the Ancient Monuments in Caernarvonshire. Volume II: Central._  London: HMSO.|1960|t|pc parts, in Bartlett ref section
RCAHMW/1964|_Royal Commission on Ancient and Historical Monuments in Wales and Monmouthshire_ (1964). _Caernarvonshire Volume III: West. The Cantref of Lleyn._ London: HMSO.|1964|t|SJS has vols, PC of useful bits
RCAHMW/1976|Royal Commission on Ancient and Historical Monuments in Wales (1976).  _An Inventory of the Ancient Monuments in Glamorgan. Volume I: Pre-Norman. Part II The Early Christian Period._ Cardiff: Her Majesty's Stationery Office.|1976|t|pc
RCAMW/1912|RCAMW (1912) _An Inventory of Ancient Monuments of Wales and Monmouthshire.  Vol. - County of Flintshire_, London.|1912|f|
RCAMW/1914|RCAMW (1914) _An Inventory of Ancient Monuments of Wales and Monmouthshire.  Vol. - County of Denbigh_, London.|1914|f|
RCAMW/1925|RCAMW (1925) _An Inventory of Ancient Monuments of Wales and Monmouthshire.  Vol. VII - County of Pembroke_, London.|1925|f|
RCAMW/1937|"RCAMW (1937) _An Inventory of Ancient Monuments of Wales and Monmouthshire.  Vol. - County of Anglesey_, London.
"|1937|f|
RCHAME/1970|Royal Commision on Historical Monuments (England) 1970. _An Inventory of Historical Monuments in the County of Dorset.  Volume 2, South East, Part 2._ HMSO, London.|1970|t|In Bartlett, selected bits p/c
RCHAMW/1925|||f|
RCHAMW/1973|||f|
RCHAMW/1976|Royal Commission on Ancient and Historical Monuments in Wales (1976), _An Inventory of the Ancient Monuments of Glamorgan._, Vol. 1, Part 3, _The Early Christian Period_. Cardiff: HMSO.|1976|t|
Redknap/1976-77|Redknap, M. (1976--77). `Excavation at Iona Abbey, 1976.' _Proceedings of the Society of Antiquaries of Scotland_ 108: 228-???|1977|f|Ionas/3  CHECK
Redknap/1991|Redknap, M. (1991) _The Christian Celts: Treasures of Late Celtic Wales_ .Cardiff: National Museum of Wales.|1991|t|
Reeves/1857|Reeves, W. (1857). _The Life of St Columba, Founder of Hy, written by Adamnan_. Dublin & Edinburgh.|1857|f|n
Reid/1958|Reid, R. C. (1958). `{The Ventidius stone, Kirkmaiden' or `A lost stone from Curgie' which??}, _Transactions of the Dumfries-shire and Galloway Natural History and Archaeological Society_ 36 (1957--8), 184--5.|1958|f|n check title etc
Rhys/1873|Rhys, J. (1873) _The Early Inscribed Stones of Wales_. Carnarvon (reprinted from _The Carnarvon and Denbigh Herald_ November 29 and December 6 1873). Cardiff: Rees and Evans.|1873|t|pc
Rhys/1873b|Rhys, J. (1873) `Our British Inscriptions.' _Archaeologia Cambrensis_ ??: 197--200.|1873|f|British or Irish names.
Rhys/1873c|Rhys, J. (1873). `Inscribed stones of Wales.' _Archaeologia Cambrensis_  ??: 386--388.|1873|t|British or Irish names.
Rhys/1874|Rhys, J. (1874). `The St. Cadfan and other stones.' _Archaeologia Cambrensis_ 29: 243--248.|1874|t|HENLL
Rhys/1874a|Rhys, J. (1874). `On some of our British Inscriptions.'  _Archaeologia Cambrensis_ 29: 16--21.|1874|t|Ogham at CLOCG
Rhys/1874b|Rhys, J. (1874). `Ancient British Inscriptions.' _Archaeologia Cambrensis_ 29: 330--335.|1874|t|
Rhys/1875|Rhys, J. (1875) `On some of our Inscribed Stones.' _Archaeologia Cambrensis_ 30: 359--371.|1875|t|LBOID/3, and NEWCH.
Rhys/1876|Rhys, J. (1876) `Review of _Inscriptiones Britanniae Christianae_. _Archaeologia Cambrensis_  31: 243--246.|1876|f|
Rhys/1877|Rhys, John (1877) _Lectures on Welsh Philology_, London: Trubner.|1877|f|
Rhys/1877a|Rhys, J. (1877). _Lectures in Welsh Philology._ London.|1877|t|Many Welsh stones.
Rhys/1877b|Rhys, J. (1877b) `On Some of Our Early Inscribed Stones.' _Archaeologia Cambrensis_ 32, 135--144.|1877|t|
Rhys/1879|Rhys, J. (1879). _Lectures in Welsh Philology._ 2nd edition, Oxford.|1879|t|
Rhys/1882|Rhys, J. (1882) `The Gesail Gefarch Stone', _Archaeologia Cambrensis_ 37: 161--165.|1882|t|pcopied
Rhys/1886|Rhys, J. (1886). '|1886|f|
Rhys/1886a|Rhys, J. (1886) `Ogams discovered in the Isle of Man.' _The Academy_, July 10,  33.|1886|t|Finds at Arbory
Rhys/1886b|Rhys, J. (1886) `Ogams in the Isle of Man.' _The Academy_, August 7, pp. 93--94.|1886|t|Short notice of first finding.
Rhys/1887|Rhys, J. (1887). `Why I visited Manx Mona.' _The Manx Notebook_ 3(10): 61--66.|1887|t|Arbory and Bimaken oghams
Rhys/1890|Rhys, J. (1890). `The Ogam stones in the Isle of Man.' _The Academy_, August 16, p. 134.|1890|t|Rushen ogams
Rhys/1890a|Rhys, J. (1890). `The Exmoor and Ballaqueeny Inscriptions.' _The Academy_, September 6, p. 201.|1890|t|Linguistic discussion of RUSHN 1
Rhys/1892|Rhys, J. (1892). `The Inscriptions and language of the northern Picts.' _Proceedings of the Society of Antiquaries of Scotland_ 26: 263--351.|1892|t|Discusses Pictish Oghams and KMICH
Rhys/1895|Rhys, J. (1895). `Notes on the Inscriptions on the Tombstone of Voteporis, Prince of Demetia.'  _Archaeologia Cambrensis_ 50: 307--313.|1895|f|
Rhys/1897|Rhys, J. (1897). `Note on Guriat.' _Zeitschrift für Celtische Philologie_ 1: 52--53.|1897|t|Identification of Guriat.
Rhys/1898|Rhys, John (1898) `A revised account of the inscriptions and language of the Northern Picts.' _Proceedings of the Society of Antiquaries of Scotland_ 32: 324--98.|1898|f|
Rhys/1903|Rhys, J. (1901--1903) `An inscribed stone found at Llystyn Gwyn, in Caernarvonshire', _Proceedings of the Society of Antiquaries_, Second series, 19: 255--262.|1903|t|pcopied
Rhys/1905|Rhys, J. (1905) `The Englyn.  The origin of the Welsh Englyn and kindred metres. Part I: Inscriptional Data', _Y Cymmrodorion_ 13, 1--102.|1905|t|copied
Rhys/1907|Rhys, J. (1907) `Epigraphic Notes', _Archaeologia Cambrensis_ 62: 66--102.|1905|t|pc in collection
Rhys/1907a|Rhys, J. (1907) `The Capel Mair Stone.' _Archaeologia Cambrensis_ ??: 293--310.|1907|f|Llangeler
Rhys/1918|Rhys, J. (1918) `Notes on some of the early inscribed stones of Wales, Devon and Cornwall', _Archaeologia Cambrensis_ 73, 181--194.|1918|t|pc
Rhys/Browne/1891|Rhys, J. and G. F. Browne (1891) `Manx Ogams.' _Archaeologia Cambrensis_ 46: 38--41.|1891|t|Excepts from 'The Academy' of 1886-1887.
Rhys/Wilkins/1886|Rhys, J. and C.  Wilkins (1886). `Early Inscribed Stones: The Abercar Stone', _Archaeologia Cambrensis_ 41: 93--96|1886|t|pc
Richardson/1964|Richardson, J. S. (1964) _The Medieval Stone-Carver in Scotland_. Edinburgh: Edinburgh University Press.|1964|t|KF
Rolt-Brash/1869|Rolt Brash, Richard (1869). `The Ogham Inscriptions of Wales', _Archaeologia Cambrensis_ 24: 148--167.|1869|t|in store
Rolt-Brash/1871|"Rolt Brash, Richard, (1871).  `Notes on the Ogham Inscribed Stone at Crickhowel'', _Archaeologia Cambrensis_ 26: 158--162.

"|1871|t|in store
Romilly Allen/1889a|Romilly Allen, J. (1889), /'Discovery of an Ogham Inscribed stone as Eglwys Cymmyn Caermarthenshire'/ _Archaeologia Cambrensis_/44, 95--96.|1889|t|EGLWC
RomillyAllen/1889|Romilly Allen, J. (1889). `Discoveries of Inscribed Stones in Carmarthenshire and Pembrokeshire.' _Archaeologia Cambrensis_ 44: 304--310.|1889|t|EGRMT
RomillyAllen/1905|Romilly Allen, J. (1905).  `The discovery of an Early Christian Inscribed Stone at Treflys, Carnarvonshire', _Archaeologia Cambrensis_ 60: 70--72.|1905|t|got pc and in IoA library
Rowlands/1723|"Rowlands, H. (1723). _Mona Antiqua Restaurata: an archaeological discourse of the antiquities of the Isle of Anglesey_. 
"|1723|f|more details?
Runciman/1933|Runciman, W. (1932--33). `Donations to the Museum.' _Proceedings of the Society of Antiquaries of Scotland_ 67: 65.|1933|t|KF
Rutherford/Ritchie/1974|Rutherford, A. and G. Ritchie (1972--74). `The Catstane.' _Proceedings of the Society of Antiquaries of Scotland_ 105: 183--188.|1974|f|KF
Savage/1886|Savage, E. B. (1886). `Ogam Inscriptions at Ballaqueeney, Rushen.' _The Manx Notebook_ 2(8): 145--148.|1886|t|RUSHN ogams
Setoun/1823|Setoun, A. (1823). `Account of a stone with a runic inscription and some other inscriptions of the same kind in the Isle of Man.' _Archaeologia Scotica_ 2: 490--501.|1823|t|
Simpson/1863|Simpson, J. Y. (1863). `On the Cat-Stane, Kirkliston: Is it not the tombstone of the grandfather of Hengist and Horsa?', _Proceedings of the Society of Antiquaries of Scotland_ 4 (for sessions 1860--1862): 119--165|1863|t|copied... lunacy!
Sims-Williams/1990|Sims-Williams, P. (1990). `Dating the transition to Neo-Brittonic: Phonology and HIstory, 400--600',  _in_ Bammesberger, A. and A. Wollman (eds.) _Britain 400-600. Language and History._ Heidelberg.|1990|t|Votoprigis
Sims-Williams/1992|Sims-Williams, P. (1992). `The additional letters of the Ogam Alphabet.' _Cambridge Medieval Celtic Studies_ 23: 29--75.|1992|t|Discusses the forfeda and dates KMICH
Skinner/1802|Skinner, J. (1802). `Ten days Tour through the island of Anglesey, December, 1802.' _Archaeologia Cambrensis_ (1908), 54-55.|1802|f|CHECK!!!!
Skinner/1908|Skinner, J. (1908), 'Ten days tour through the Isle of Anglesea December 1802'/ _Archaeologia Cambrensis_/ Supplement, July 1908, 1--89.|1802|t|Anglesey cf skinner/1802!
Slater/1728, BM AD MSS 1|Slater/Dwyran/1728,/ BM ADD MSS 14934/ fol. 216.|1728|t|Llantrisant 1  ????? check??
Starke/1890|Starke, J. G. H. (1887--90) `The Kirkmadrine crosses (note).' _Transactions of the Dumfries-shire and Galloway Natural History and Archaeological Society_ 2nd series 6: 170--1.|1890|f|n
Steer/1968-69|Steer, K. A. (1968--69). `Two unrecorded early Christian stones.' _Proceedings of the society of Antiquaries of Scotland_ 101: 127--129.|1969|t|Peebles and Iona/1/1
Steer/1969|Steer, K. H. (1968--69). `Two unrecorded Early Christian stones' _Proceedings of the Society of Antiquaries of Scotland_ 101: 127--9.|1969|f|KF
Stephney-Gulston/1908|Stepney-Gulston, A. (1908). `Maesnonni Inscribed Stone.'  _Archaeologia Cambrensis_ 63: 235--236.|1908|t|LLLWY
Stevenson/1961|Stevenson, R. B. K. (1958--9). `The Inchyra stone and other unpublished Early Christian monuments.' _Proceedings of the Society of Antiquaries of Scotland_ 92: 33--55. Published 1961.|1961|f|KF
Stokes/1890|Stokes, W. (1890). `The Ogam stones in the Isle of Man.' _The Academy_, August 23, pp. ??????|1890|f|Linguistic discussion of RUSHN 1, pages?
Stuart/1823|Stuart, J. (1823). `An account of some sculptured pillars in the northern part of Scotland.'  _Archaeologia Scotica: Transactions of the Society of Antiquaries of Scotland_ 2(2): 314--23.|1823|f|
Stuart/1856|Stuart, J. (1856). _Sculptured Stones of Scotland_ vol. I. Spalding Club: Aberdeen.|1856|f|n
Stuart/1867|Stuart, John (1867) _Sculptured Stones of Scotland_ vol. II. Spalding Club: Edinburgh.|1867|f|n
Swanton/Pearce/1982|Swanton, M. and Pearce, S. (1982). 'Lustleigh, South Devon: its inscribed stone, its churchyard and its parish.' in S. Pearce (ed.) _The Early Church in Western Britain and Ireland_. Oxford: 139--142.|1982|t|LUSTL/1 site and stone discussion.
Tangye/1985|Tangye, M. (1985) `A New Inscribed Stone and Churchyard Cross, St Euny's Church, Redruth.' _Cornish Archaeology_. 24: 171--172.|1985|t|RDRTH site and stone
Thomas/1966|Thomas, A. C. (1966). `Ardwall Isle: the excavation of an Early Christian site of Irish type.' _Transactions of the Dumfries-shire and Galloway Natural History and Archaeological Society_ 34: 84--116.|1966|f|check
Thomas/1967|Thomas, A. C. (1967). `An Early Christian cemetry and chapel on Ardwall Isle, Kirkcudbright' _Medieval Archaeology_ 11: 125--88.|1967|t|n
Thomas/1967a|Thomas, A. C. 1967. _The Christian Antiquities of Camborne_. H. E. Warne Ltd: St. Austell.|1967|t|
Thomas/1968|Thomas, A. C. (1968). `The evidence from North Britain' _in_ Barley, M. W. and R. P. C. Hanson (eds.) _Christianity in Britain 300--700_. Leicester.|1968|f|n
Thomas/1969|Thomas, C. (1969. `Lundy, 1969.' _Current Archaeology_ 16: 138--142.|1969|t|
Thomas/1971|Thomas, C. (1971). _Britain and Ireland in Early Christian Times AD 400--800._ London: Thames & Hudson.|1971|t|General history with mention of stones
Thomas/1971b|Thomas, C. (1971). _The Early Christian Archaeology of North Britain._ Oxford.|1971|t|Site of Ballavarkish
Thomas/1980|Thomas, C. (1980) `An Early Christian Inscribed stone from Boskenna, St Buryan', _Cornish Archaeology_ 19, 107--109.|1980|t|
Thomas/1981|Thomas, A. C. (1981). _Christianity in Roman Britain to AD 500_. London: Batsford.|1981|t|n
Thomas/1985|Thomas, C. (1985), `St. Euny's Church, Redruth: A Note on the Inscription'. _Cornish Archaeology_. 24: 173--174.|1985|t|RDRTH inscription.
Thomas/1985a|Thomas, C. 1985. _Exploration of a drowned landscape_. London: Batsford.|1985|t|KL collection
Thomas/1992a|Thomas, A. C. (1991--92). `The early Christian inscriptions of Southern Scotland.' _Glasgow Archaeology Journal_ 17: 1--10.|1992|t|KF
Thomas/1992b|Thomas, A. C. (1992). _Whithorn's Christian Beginnings_, Whithorn Lecture, 1. Whithorn: Friends of the Whithorn Trust.|1992|t|n
Thomas/1993|Thomas, A. C. (1993).  _And Shall These Mute Stones Speak?_  Cardiff: University of Wales Press.|1993|t|
Thomas/1994|Thomas,  A. C. (1994) _And Shall These Mute Stones Speak? Post-Roman Inscriptions in Western Britain._ Cardiff: University of Wales Press.|1994|f|
Thomas/Thorpe/1998|Thomas, C. and C. Thorpe (1998).  _1051, Penzance---lesser, lateral, text---a provisional reading.'  Unpublished manuscript supplied by the author.|1998|t|got copy
Thomas/unpub/1997|Thomas, A. C. 1997. _A new inscribed stone (of ECMW Gp. I) from Cornwall_.  Unpublished notes dated 25th Jan. 1997.|1997|t|On file
Thoms/1980|Thomas, D. B. (1980). _Illustrated Guide to Brechin Cathedral._ Second edition, Brechin.|1980|f|
Todd/1860|Todd, W. (1860). _The Clerical History of the Parish of Kirkmaiden_. Glasgow.|1860|f|n
Tomlin/1975|||f|
Tomlin/1995|Tomlin, R. S. O. (1995). _The Roman Inscriptions of Britain. I. Inscriptions on Stone. Addenda and Corrigenda_, pp. 751--800. London,|1995|t|
Treherne/1889|Treherne, C. G. T. (1889). `Notice of the Discovery of an Ogam stone at Eglwys Cymun Church, Carmarthenshire.' _Archaeologia Cambrensis_ 44: 224--225.|1889|t|EGLWC
Treherne/1907|Treherne, G. G. T. (1907). `Notes on Eglwys Cymmyn, Parc-y-Ceryg Saqnctaidd, and Llandawke.' _Archaeologia Cambrensis_ 62: 257--280.|1907|t|Llandawke and Eglwys Cymmyn
Vallancey/1804|||f|
Watkin/1879|Watkin, W. T. (1879). `Roman inscriptions discovered in Britain in 1878.' _Archaeological Journal_ 36: 154--168.|1879|t|
Watson/1926|Watson, W. J. (1926). _The History of the Celtic Place-names of Scotland_. Edinburgh. Reprinted 1993, Edinburgh: Birlinn.|1926|t|KF
Weatherhill/1981|Weatherhill, C. (1981) _Belerion. Ancient Sites of Land's End._ Penzance: Alison Hodge.|1981|t|
Werner/1972|Werner, M. (1972). `The _Madonna and Child_ miniature in the Book of Kells, Part I.' _Art Bulletin_ 54: 1--23.|1972|f|
Westwood/1851|Westwood, J. O. (1851) `Observations on Some of the Early Inscribed and Carved Stones in Wales', _Archaeologia Cambrensis_ 2nd series, 2, 144--149.|1851|t|
Westwood/1855|Westwood, J. O. (1855). `Notices of several Early Inscribed Stones recently found in various parts of Wales', _Archaeologia Cambrensis_ 3rd series, 1: 4--10.|1855|t|pcopied with plates
Westwood/1855a|Westwood, J. O. (1855). `The sepulchral stone of Emlyn.' _Archaeologia Cambrensis_ 1: 115--117.|1855|t|First major pub of CLOCG
Westwood/1856|Westwood, J. O. (1856). `Notices of the Early Inscribed and sculptured stones of Wales.' _Archaeologia Cambrensis_ 2: 139--146.|1856|t|Llangefni, check volume
Westwood/1856b|Westwood, J. O. (1856). `Notices of the early inscribed and sculptured stones of Wales.' _Archaeologia Cambrensis_ 2: 319--321.|1856|t|CNWYL
Westwood/1858|Westwood, J. O. (1858). `Further notices of the early inscribed stones of Wales.' _Archaeologia Cambrensis_ 4: 405--408.|1858|t|Description of Gwytherin, volume
Westwood/1859|Westwood, J. O. (1859) `Early Inscribed Stones of Wales', _Archaeologia Cambrensis_ 3rd Series, 5, 53--57|1859|f|in library, too fragile to copy, figs
Westwood/1867|Westwood, J. O. (1867). `Further notices of the Early Inscribed Stones of Wales', _Archaeologia Cambrensis 22: 342--344.|1867|t|copied
Westwood/1871|Westwood, J. O. (1871). `Further notices of the Early Inscribed Stones of Wales.' _Archaeologia Cambrensis_, 4th series, 2: 256--266.|1871|t|HENLL
Westwood/1874|Westwood, J. O. (1874). `Postscript to `Notice of an early inscribed stone at Llangors, Talgarth, Breconshire.' ' _Archaeologia Cambrensis_ 29: 232--234.|1874|t|
Westwood/1876|Westwood, J. O. (1876--1879) _Lapidarium Walliae: the Early Inscribed and Sculptured Stones of Wales._ Oxford: Oxford University Press.|1876|t|MAH has personal copy of parts 2, 3 & 5.
Westwood/1879|"Westwood, J. O. (1879)  _Lapidarium Walliae: the Early Inscribed and Sculptured Stones of Wales._ Oxford: Oxford University Press (on behalf of the Cambrian Archaeological Association, 1876--79).
"|1879|f|
White/1971-72|White, R.B. (1971-72), /'Excavations at Arfryn, Bodedern, long-cist cemeteries and the origins of Christianity in Britain'/ _Anglesey Antiquarian Society and Field Club Transactions_/, 19-51.|1972|t|Finding of Arfyn stone and site.number?
White/Longley/1995|White, R. B. and D. Longley (1995). `Excavations at Aberffraw',  _Anglesey Antiquarian Society and Field Club Transactions_ ??: 13--21.|1995|f|Aberffraw near Llangadwaladr, VOL
Wilkinson/1871|Wilkinson, G. (1871). `The Menvendanus Stone.' _Archaeologia Cambrensis_ 4th series, 2: 140--152.|1871|t|HENLL
Williams/1865|Williams, W. (1865). `The Frondeg Stone, Anglesey.'  _Archaeologia Cambrensis_ 20: 88---89.|1865|t|Movement of stone to Llangaffo
Williams/1937a|Williams, Ifor (1937) `The Personal names in the early inscriptions', in RCAHMW _An Inventory of Ancient Monuments in Anglesey_, London, cxiv--cxvii.|1937|f|
Williams/1937b|"Williams, Ifor (1937) `The Trescawen stone (Llangwyllog)'', in RCAHMW _An Inventory of Ancient Monuments in Anglesey_, London, cix--cxiii.
"|1937|t|
Williams/1945|Williams, I. (1945). `Recent finds from Anglesey: the lost Mailis stone, Llanfaelog.' _Anglesey Antiquarian Society and Field Club Transactions_ ??: 24.|1945|f|Rediscovery of Mailis stone., volume
Williams/1980|Williams, I. (1980). `The Personal names in the early Anglesey Inscriptions', _in_ Bromwich, R., _The Beginnings of Welsh Poetry. Studies by Sir Ifor Williams_, pp. 16--24. Cardiff.|1937|t|
Williams/Nash-Williams/1937|Williams, I. and V. E. Nash-Williams (1937) `Some Welsh Pre-Norman Stones', _Archaeologia Cambrensis_ 0 series, 92, 1--10.|1937|t|series?
Wilson/1982-83|Wilson, J. C. (1982--83). `The Standing stones of Anglesey: a discussion.' _Bulletin of the Board of the Celtic Studies_ 30: 385.|1983|t|Llanfaelog II as prehistoric menhir.
Winterbottom/1978|Winterbottom, M. (1978). _Gildas. The Ruin of Britain and other Documents_. Chichester.||f|
WynEvans/1991|Wyn Evans, J. (1991). `Aspects of the Early Church in Carmarthenshire', _in_ H. James (ed.), _Sir Gar. Studies in Carmarthenshire History_, pp. 239--253. Carmarthen.|1991|t|Carmarthen E.M. church.
Ziegler/1994|Ziegler, S. (1994)  _ Die Sprache der altirischen Ogam-Inschriften._ Gottingen: Vandenhoeck and Ruprecht.|1994|f|
Zimmer/1995|Zimmer, S.(1995). `Die altkymrischen Frauennamen. Ein Erster Einblick.' _in_ Eska, J., R. G. Gruffydd and N. Jacobs (eds.) _Hispano-Gallo-Brittonica_, pp. 319--335. Cardiff.|1995|t|Discussion of Welsh women's names
